{
    "resources": [
        {
            "name": "../model/models-dbg.js",
            "isDebug": true
        },
        {
            "name": "../model/employes.json"
        },
        {
            "name": "../manifest.json"
        },
        {
            "name": "../model/models.js"
        },
        {
            "name": "../controller/Master.controller.js"
        },
        {
            "name": "../Component.js"
        },
        {
            "name": "../manifest-bundle.zip"
        },
        {
            "name": "../../../neo-app.json"
        },
        {
            "name": "../Component-preload.js",
            "merged": true
        },
        {
            "name": "../i18n/i18n.properties",
            "raw": "i18n/i18n.properties"
        },
        {
            "name": "../controller/Master-dbg.controller.js",
            "isDebug": true
        },
        {
            "name": "../Component-dbg.js",
            "isDebug": true
        },
        {
            "name": "../../sap-ui-version.json"
        },
        {
            "name": "neo-app.json"
        },
        {
            "name": "di.code-validation.core_issues.json"
        },
        {
            "name": "../view/Master.view.xml"
        },
        {
            "name": "../fragments/AddEmloyee.fragment.xml"
        },
        {
            "name": "../css/style.css"
        },
        {
            "name": "../index.html"
        }
    ]
}