{
  "javamigrationsample/resources.json": 1708083294449,
  "model/employes.json": 1708075994000,
  "manifest.json": 1708083289262,
  "test/unit/controller/Master.controller.js": 1708075994000,
  "test/integration/pages/Master.js": 1708075994000,
  "test/integration/arrangements/Startup.js": 1708075994000,
  "test/unit/unitTests.qunit.js": 1708075994000,
  "test/unit/AllTests.js": 1708075994000,
  "test/integration/opaTests.qunit.js": 1708075994000,
  "test/integration/NavigationJourney.js": 1708075994000,
  "test/integration/AllJourneys.js": 1708075994000,
  "test/testsuite.qunit.js": 1708075994000,
  "model/models.js": 1708075994000,
  "controller/Master.controller.js": 1708075994000,
  "Component.js": 1708075994000,
  "manifest-bundle.zip": 1708083289310,
  "Component-preload.js": 1708083289719,
  "test/testsuite.qunit-dbg.js": 1708075994000,
  "test/integration/pages/Master-dbg.js": 1708075994000,
  "test/integration/arrangements/Startup-dbg.js": 1708075994000,
  "test/unit/unitTests.qunit-dbg.js": 1708075994000,
  "test/unit/AllTests-dbg.js": 1708075994000,
  "test/integration/opaTests.qunit-dbg.js": 1708075994000,
  "test/integration/NavigationJourney-dbg.js": 1708075994000,
  "test/integration/AllJourneys-dbg.js": 1708075994000,
  "test/unit/controller/Master-dbg.controller.js": 1708075994000,
  "model/models-dbg.js": 1708075994000,
  "controller/Master-dbg.controller.js": 1708075994000,
  "Component-dbg.js": 1708075994000,
  "javamigrationsample/neo-app.json": 1708083289896,
  "javamigrationsample/di.code-validation.core_issues.json": 1708083294431,
  "i18n/i18n.properties": 1708075994000,
  "test/unit/unitTests.qunit.html": 1708075994000,
  "test/integration/opaTests.qunit.html": 1708075994000,
  "view/Master.view.xml": 1708075994000,
  "test/testsuite.qunit.html": 1708075994000,
  "fragments/AddEmloyee.fragment.xml": 1708075994000,
  "css/style.css": 1708075994000,
  "index.html": 1708075994000
}